{"inputUnits":[34],"outputUnits":2,"inputs":{"0":{"dtype":"number","min":234.97017975447244,"max":356.33174703278894},"1":{"dtype":"number","min":251.61746963916585,"max":256.64587354845577},"2":{"dtype":"number","min":253.24399480559947,"max":372.9882052529183},"3":{"dtype":"number","min":231.49047079717138,"max":236.36708404303528},"4":{"dtype":"number","min":210.83728834812743,"max":332.1767820365698},"5":{"dtype":"number","min":229.9535556897115,"max":234.0670500284039},"6":{"dtype":"number","min":284.3617539461485,"max":397.3319425471562},"7":{"dtype":"number","min":241.99650834970436,"max":250.2046886399562},"8":{"dtype":"number","min":179.55266099031797,"max":300.1069385810585},"9":{"dtype":"number","min":239.4907051858271,"max":245.1676210633512},"10":{"dtype":"number","min":330.8778387284928,"max":437.14643864316236},"11":{"dtype":"number","min":337.4100028308913,"max":385.501691172559},"12":{"dtype":"number","min":138.5904963749392,"max":243.15360251103857},"13":{"dtype":"number","min":339.42693213080616,"max":347.74871113699237},"14":{"dtype":"number","min":432.99623956940053,"max":459.9071624399623},"15":{"dtype":"number","min":340.07428952228236,"max":531.0595204394151},"16":{"dtype":"number","min":43.30731996766324,"max":88.18261053775535},"17":{"dtype":"number","min":374.62913424124514,"max":443.60411528947293},"18":{"dtype":"number","min":393.78291801719814,"max":499.79110302164395},"19":{"dtype":"number","min":337.68516926450025,"max":562.7421272960619},"20":{"dtype":"number","min":-2.2930462907724345,"max":95.15607306929414},"21":{"dtype":"number","min":225.8747691588643,"max":527.8826441189658},"22":{"dtype":"number","min":316.9555107443249,"max":393.84217763225394},"23":{"dtype":"number","min":552.0093485910141,"max":562.786354035255},"24":{"dtype":"number","min":167.00647732627067,"max":255.28030573625972},"25":{"dtype":"number","min":546.2172428828733,"max":557.6520870817311},"26":{"dtype":"number","min":329.98939603219236,"max":368.5076779614163},"27":{"dtype":"number","min":542.4136970015352,"max":566.3671869062728},"28":{"dtype":"number","min":104.52840604670781,"max":230.4402006275459},"29":{"dtype":"number","min":546.0324381668744,"max":569.6088347082472},"30":{"dtype":"number","min":322.6806708903628,"max":366.7021173261947},"31":{"dtype":"number","min":550.3024113874027,"max":562.6734401836469},"32":{"dtype":"number","min":112.86177342040065,"max":239.48021525075},"33":{"dtype":"number","min":553.1204642210489,"max":568.9547658244924}},"outputs":{"0":{"dtype":"string","min":0,"max":1,"uniqueValues":["r","l"],"legend":{"r":[1,0],"l":[0,1]}}},"isNormalized":true}