{"inputUnits":[34],"outputUnits":2,"inputs":{"0":{"dtype":"number","min":320.83241206662666,"max":433.0843700601897},"1":{"dtype":"number","min":66.905650573018,"max":149.06863913925704},"2":{"dtype":"number","min":329.44856161273407,"max":437.1983894763754},"3":{"dtype":"number","min":60.513122796084645,"max":141.5692091173699},"4":{"dtype":"number","min":311.0607209558153,"max":430.3468649303867},"5":{"dtype":"number","min":61.399936304945896,"max":139.23015193716563},"6":{"dtype":"number","min":342.978654557165,"max":435.26948149566056},"7":{"dtype":"number","min":70.11030442056025,"max":142.22338724692972},"8":{"dtype":"number","min":301.35493415802836,"max":403.26982461060993},"9":{"dtype":"number","min":69.00486927551981,"max":134.54890863440843},"10":{"dtype":"number","min":358.92172204845144,"max":433.43448149091074},"11":{"dtype":"number","min":108.5921136878344,"max":178.2084827942607},"12":{"dtype":"number","min":282.7654429632402,"max":369.06983609329404},"13":{"dtype":"number","min":104.37955982490271,"max":161.66698886262768},"14":{"dtype":"number","min":395.8362368572547,"max":487.5171830589205},"15":{"dtype":"number","min":100.16103306633025,"max":196.15602485864542},"16":{"dtype":"number","min":234.04688972443458,"max":299.68863283149926},"17":{"dtype":"number","min":103.82224947562014,"max":189.51355692941394},"18":{"dtype":"number","min":345.6231190722276,"max":527.7059877150717},"19":{"dtype":"number","min":62.67784979556785,"max":189.79473781956773},"20":{"dtype":"number","min":211.4891972523255,"max":318.9717642342534},"21":{"dtype":"number","min":56.013164594479576,"max":185.9133115538363},"22":{"dtype":"number","min":340.4013358387038,"max":389.0266103781615},"23":{"dtype":"number","min":243.96627463255413,"max":307.81748849594175},"24":{"dtype":"number","min":287.0439498248267,"max":344.08180207130044},"25":{"dtype":"number","min":239.43895391916953,"max":300.1790396248784},"26":{"dtype":"number","min":333.784288933305,"max":457.52884326741855},"27":{"dtype":"number","min":338.6064973230028,"max":377.85151500182394},"28":{"dtype":"number","min":213.11031356395915,"max":450.12090660718627},"29":{"dtype":"number","min":288.9120780262038,"max":387.3605667292376},"30":{"dtype":"number","min":308.60756009469236,"max":445.7613245151386},"31":{"dtype":"number","min":447.2826293470331,"max":484.8994184560813},"32":{"dtype":"number","min":199.95071351760092,"max":446.37459959037574},"33":{"dtype":"number","min":294.6106052027602,"max":484.2435701719054}},"outputs":{"0":{"dtype":"string","min":0,"max":1,"uniqueValues":["w","p"],"legend":{"w":[1,0],"p":[0,1]}}},"isNormalized":true}