{"inputUnits":[34],"outputUnits":2,"inputs":{"0":{"dtype":"number","min":309.0081597116671,"max":328.82232666015625},"1":{"dtype":"number","min":190.2463593835497,"max":199.07395266373334},"2":{"dtype":"number","min":326.2744900595817,"max":349.95169138630075},"3":{"dtype":"number","min":169.5169447368221,"max":175.98453388139896},"4":{"dtype":"number","min":286.2414633903058,"max":306.5294721432697},"5":{"dtype":"number","min":167.63610067998388,"max":174.52854497887282},"6":{"dtype":"number","min":351.3613950974283,"max":374.0006146263984},"7":{"dtype":"number","min":184.90725268649686,"max":191.00120336629072},"8":{"dtype":"number","min":255.4403330287117,"max":280.26480158943144},"9":{"dtype":"number","min":179.05316660840225,"max":188.62817786546998},"10":{"dtype":"number","min":378.75276083148407,"max":410.24145460314327},"11":{"dtype":"number","min":290.88111016536965,"max":302.64840805113084},"12":{"dtype":"number","min":208.00383571520854,"max":240.23914225834352},"13":{"dtype":"number","min":287.75191192033225,"max":301.50128197577214},"14":{"dtype":"number","min":466.558016172179,"max":544.7953066102261},"15":{"dtype":"number","min":323.26166204905235,"max":463.4075298383542},"16":{"dtype":"number","min":48.20182592488449,"max":168.555636276067},"17":{"dtype":"number","min":312.31646051666615,"max":456.64881131064567},"18":{"dtype":"number","min":365.97989687196014,"max":512.9783321632949},"19":{"dtype":"number","min":166.49574665707837,"max":406.09989626398345},"20":{"dtype":"number","min":85.84807340273133,"max":296.532387343826},"21":{"dtype":"number","min":164.29607999927802,"max":422.5107844608767},"22":{"dtype":"number","min":364.2122967790537,"max":403.14931936301144},"23":{"dtype":"number","min":502.5391183103569,"max":546.4930184805903},"24":{"dtype":"number","min":247.09880546837002,"max":286.22745499072835},"25":{"dtype":"number","min":500.0367624008238,"max":546.3015165217656},"26":{"dtype":"number","min":359.23941007384065,"max":439.107186061399},"27":{"dtype":"number","min":547.6745581719662,"max":579.5417019736442},"28":{"dtype":"number","min":263.5944695973675,"max":316.4216714703155},"29":{"dtype":"number","min":552.1663318441072,"max":592.0107592868434},"30":{"dtype":"number","min":354.1084794218902,"max":442.4062053517145},"31":{"dtype":"number","min":552.23740989596,"max":567.4653655174642},"32":{"dtype":"number","min":244.74609493745442,"max":318.29873211189005},"33":{"dtype":"number","min":554.5164178039313,"max":576.1360649376064}},"outputs":{"0":{"dtype":"string","min":0,"max":1,"uniqueValues":["n","h"],"legend":{"n":[1,0],"h":[0,1]}}},"isNormalized":true}